SetID,Name,Foil,Condition,Price
RC04-JP001,溶岩魔神ラヴァ・ゴーレム,QCS(25th),Played,6000
RC04-JP001,溶岩魔神ラヴァ・ゴーレム,ES,Played,800
RC04-JP001,溶岩魔神ラヴァ・ゴーレム,CR,Played,300
RC04-JP001,溶岩魔神ラヴァ・ゴーレム,ｱﾙﾃｨﾒｯﾄ,Played,400
RC04-JP001,溶岩魔神ラヴァ・ゴーレム,ｼｰｸﾚｯﾄ,Played,300
RC04-JP001,溶岩魔神ラヴァ・ゴーレム,SP,Played,120
RC04-JP002,ローンファイア・ブロッサム,QCS(25th),Played,2200
RC04-JP002,ローンファイア・ブロッサム,ES,Played,400
RC04-JP002,ローンファイア・ブロッサム,CR,Played,300
RC04-JP002,ローンファイア・ブロッサム,ｱﾙﾃｨﾒｯﾄ,Played,300
RC04-JP002,ローンファイア・ブロッサム,ｼｰｸﾚｯﾄ,Played,120
RC04-JP002,ローンファイア・ブロッサム,SP,Played,80
RC04-JP003,エフェクト・ヴェーラー,QCS(25th),Played,-1
RC04-JP003,エフェクト・ヴェーラー,QCS(25th),Damaged,26800
RC04-JP003,エフェクト・ヴェーラー,ES,Played,2200
RC04-JP003,エフェクト・ヴェーラー,CR,Played,700
RC04-JP003,エフェクト・ヴェーラー,ｱﾙﾃｨﾒｯﾄ,Played,700
RC04-JP003,エフェクト・ヴェーラー,ｱﾙﾃｨﾒｯﾄ,Damaged,560
RC04-JP003,エフェクト・ヴェーラー,ｼｰｸﾚｯﾄ,Played,500
RC04-JP003,エフェクト・ヴェーラー,SP,Played,120
RC04-JP004,Ｖ・ＨＥＲＯ ファリス,QCS(25th),Played,4500
RC04-JP004,Ｖ・ＨＥＲＯ ファリス,ES,Played,600
RC04-JP004,Ｖ・ＨＥＲＯ ファリス,CR,Played,250
RC04-JP004,Ｖ・ＨＥＲＯ ファリス,ｱﾙﾃｨﾒｯﾄ,Played,250
RC04-JP004,Ｖ・ＨＥＲＯ ファリス,ｼｰｸﾚｯﾄ,Played,180
RC04-JP004,Ｖ・ＨＥＲＯ ファリス,SP,Played,100
RC04-JP005,増殖するG,QCS(25th),Played,45000
RC04-JP005,増殖するG,ES,Played,4500
RC04-JP005,増殖するG,CR,Played,1500
RC04-JP005,増殖するG,ｱﾙﾃｨﾒｯﾄ,Played,1700
RC04-JP005,増殖するG,ｼｰｸﾚｯﾄ,Played,1000
RC04-JP005,増殖するG,UR,Played,800
RC04-JP006,魔界発現世行きデスガイド,QCS(25th),Played,3000
RC04-JP006,魔界発現世行きデスガイド,ES,Played,-1
RC04-JP006,魔界発現世行きデスガイド,CR,Played,200
RC04-JP006,魔界発現世行きデスガイド,ｱﾙﾃｨﾒｯﾄ,Played,300
RC04-JP006,魔界発現世行きデスガイド,ｱﾙﾃｨﾒｯﾄ,Damaged,240
RC04-JP006,魔界発現世行きデスガイド,ｼｰｸﾚｯﾄ,Played,80
RC04-JP006,魔界発現世行きデスガイド,SP,Played,50
RC04-JP007,アーティファクトーロンギヌス,QCS(25th),Played,3200
RC04-JP007,アーティファクトーロンギヌス,ES,Played,800
RC04-JP007,アーティファクトーロンギヌス,CR,Played,300
RC04-JP007,アーティファクトーロンギヌス,ｱﾙﾃｨﾒｯﾄ,Played,300
RC04-JP007,アーティファクトーロンギヌス,ｼｰｸﾚｯﾄ,Played,180
RC04-JP007,アーティファクトーロンギヌス,SP,Played,100
RC04-JP008,ラーの翼神竜―球体形,QCS(25th),Played,-1
RC04-JP008,ラーの翼神竜―球体形,ES,Played,1000
RC04-JP008,ラーの翼神竜―球体形,CR,Played,500
RC04-JP008,ラーの翼神竜―球体形,ｱﾙﾃｨﾒｯﾄ,Played,600
RC04-JP008,ラーの翼神竜―球体形,ｼｰｸﾚｯﾄ,Played,400
RC04-JP008,ラーの翼神竜―球体形,UR,Played,300
RC04-JP008,ラーの翼神竜―球体形,UR,Damaged,320
RC04-JP009,灰流うらら,HL,Played,-1
RC04-JP009,灰流うらら,HL,Damaged,34800
RC04-JP009,灰流うらら,QCS(25th),Played,89800
RC04-JP009,灰流うらら,ES,Played,-1
RC04-JP009,灰流うらら,CR,Played,1500
RC04-JP009,灰流うらら,ｱﾙﾃｨﾒｯﾄ,Played,1800
RC04-JP009,灰流うらら,ｼｰｸﾚｯﾄ,Played,900
RC04-JP009,灰流うらら,ｼｰｸﾚｯﾄ,Damaged,800
RC04-JP009,灰流うらら,UR,Played,800
RC04-JP009,灰流うらら,UR,Damaged,640
RC04-JP010,妖精伝姫―カグヤ,QCS(25th),Played,6300
RC04-JP010,妖精伝姫―カグヤ,ES,Played,900
RC04-JP010,妖精伝姫―カグヤ,CR,Played,300
RC04-JP010,妖精伝姫―カグヤ,CR,Damaged,240
RC04-JP010,妖精伝姫―カグヤ,ｱﾙﾃｨﾒｯﾄ,Played,400
RC04-JP010,妖精伝姫―カグヤ,ｼｰｸﾚｯﾄ,Played,150
RC04-JP010,妖精伝姫―カグヤ,ｼｰｸﾚｯﾄ,Damaged,240
RC04-JP010,妖精伝姫―カグヤ,UR,Played,80
RC04-JP011,インスペクト・ボーダー,QCS(25th),Played,2300
RC04-JP011,インスペクト・ボーダー,ES,Played,600
RC04-JP011,インスペクト・ボーダー,CR,Played,280
RC04-JP011,インスペクト・ボーダー,CR,Damaged,240
RC04-JP011,インスペクト・ボーダー,ｱﾙﾃｨﾒｯﾄ,Played,280
RC04-JP011,インスペクト・ボーダー,ｼｰｸﾚｯﾄ,Played,180
RC04-JP011,インスペクト・ボーダー,ｼｰｸﾚｯﾄ,Damaged,144
RC04-JP011,インスペクト・ボーダー,UR,Played,100
RC04-JP012,屋敷わらし,QCS(25th),Played,19000
RC04-JP012,屋敷わらし,ES,Played,1600
RC04-JP012,屋敷わらし,CR,Played,400
RC04-JP012,屋敷わらし,ｱﾙﾃｨﾒｯﾄ,Played,600
RC04-JP012,屋敷わらし,ｼｰｸﾚｯﾄ,Played,120
RC04-JP012,屋敷わらし,ｼｰｸﾚｯﾄ,Damaged,96
RC04-JP012,屋敷わらし,SP,Played,50
RC04-JP013,ＢＦ―毒風のシムーン,QCS(25th),Played,2000
RC04-JP013,ＢＦ―毒風のシムーン,ES,Played,400
RC04-JP013,ＢＦ―毒風のシムーン,CR,Played,300
RC04-JP013,ＢＦ―毒風のシムーン,ｱﾙﾃｨﾒｯﾄ,Played,300
RC04-JP013,ＢＦ―毒風のシムーン,ｼｰｸﾚｯﾄ,Played,180
RC04-JP013,ＢＦ―毒風のシムーン,SP,Played,50
RC04-JP014,未界域のジャッカロープ,QCS(25th),Played,2200
RC04-JP014,未界域のジャッカロープ,ES,Played,600
RC04-JP014,未界域のジャッカロープ,CR,Played,200
RC04-JP014,未界域のジャッカロープ,ｱﾙﾃｨﾒｯﾄ,Played,200
RC04-JP014,未界域のジャッカロープ,ｼｰｸﾚｯﾄ,Played,120
RC04-JP014,未界域のジャッカロープ,SP,Played,80
RC04-JP015,ディメンション・アトラクター,QCS(25th),Played,4000
RC04-JP015,ディメンション・アトラクター,ES,Played,800
RC04-JP015,ディメンション・アトラクター,CR,Played,300
RC04-JP015,ディメンション・アトラクター,ｱﾙﾃｨﾒｯﾄ,Played,400
RC04-JP015,ディメンション・アトラクター,ｼｰｸﾚｯﾄ,Played,200
RC04-JP015,ディメンション・アトラクター,UR,Played,150
RC04-JP016,原始生命態ニビル,HL,Played,7000
RC04-JP016,原始生命態ニビル,QCS(25th),Played,11000
RC04-JP016,原始生命態ニビル,ES,Played,1500
RC04-JP016,原始生命態ニビル,CR,Played,600
RC04-JP016,原始生命態ニビル,ｱﾙﾃｨﾒｯﾄ,Played,600
RC04-JP016,原始生命態ニビル,ｼｰｸﾚｯﾄ,Damaged,400
RC04-JP016,原始生命態ニビル,ｼｰｸﾚｯﾄ,Played,500
RC04-JP016,原始生命態ニビル,UR,Played,400
RC04-JP017,深淵の青眼龍,QCS(25th),Played,3800
RC04-JP017,深淵の青眼龍,ES,Played,900
RC04-JP017,深淵の青眼龍,CR,Played,300
RC04-JP017,深淵の青眼龍,ｱﾙﾃｨﾒｯﾄ,Played,500
RC04-JP017,深淵の青眼龍,ｼｰｸﾚｯﾄ,Played,180
RC04-JP017,深淵の青眼龍,SP,Played,50
RC04-JP018,銀河眼の残光竜,QCS(25th),Played,2700
RC04-JP018,銀河眼の残光竜,ES,Played,-1
RC04-JP018,銀河眼の残光竜,CR,Played,300
RC04-JP018,銀河眼の残光竜,ｱﾙﾃｨﾒｯﾄ,Played,400
RC04-JP018,銀河眼の残光竜,ｼｰｸﾚｯﾄ,Played,180
RC04-JP018,銀河眼の残光竜,SP,Played,80
RC04-JP018,銀河眼の残光竜,SP,Damaged,-1
RC04-JP019,風霊媒師ウィン,QCS(25th),Played,-1
RC04-JP019,風霊媒師ウィン,ES,Played,-1
RC04-JP019,風霊媒師ウィン,CR,Played,1000
RC04-JP019,風霊媒師ウィン,ｱﾙﾃｨﾒｯﾄ,Played,1200
RC04-JP019,風霊媒師ウィン,ｼｰｸﾚｯﾄ,Played,180
RC04-JP019,風霊媒師ウィン,SP,Played,80
RC04-JP019,風霊媒師ウィン,SP,Damaged,64
RC04-JP020,黄金卿エルドリッチ,QCS(25th),Played,-1
RC04-JP020,黄金卿エルドリッチ,ES,Played,-1
RC04-JP020,黄金卿エルドリッチ【絵違い】,CR,Played,1300
RC04-JP020,黄金卿エルドリッチ,CR,Played,200
RC04-JP020,黄金卿エルドリッチ【絵違い】,ｱﾙﾃｨﾒｯﾄ,Played,1500
RC04-JP020,黄金卿エルドリッチ,ｱﾙﾃｨﾒｯﾄ,Played,200
RC04-JP020,黄金卿エルドリッチ,ｼｰｸﾚｯﾄ,Played,120
RC04-JP020,黄金卿エルドリッチ,UR,Played,100
RC04-JP021,教導の聖女エクレシア,QCS(25th),Played,45000
RC04-JP021,教導の聖女エクレシア,ES,Played,-1
RC04-JP021,教導の聖女エクレシア,CR,Played,900
RC04-JP021,教導の聖女エクレシア,ｱﾙﾃｨﾒｯﾄ,Played,1200
RC04-JP021,教導の聖女エクレシア,ｼｰｸﾚｯﾄ,Played,180
RC04-JP021,教導の聖女エクレシア,SP,Played,120
RC04-JP022,アルバスの落胤,QCS(25th),Played,2800
RC04-JP022,アルバスの落胤,ES,Played,700
RC04-JP022,アルバスの落胤,CR,Played,400
RC04-JP022,アルバスの落胤,ｱﾙﾃｨﾒｯﾄ,Played,400
RC04-JP022,アルバスの落胤,ｼｰｸﾚｯﾄ,Damaged,96
RC04-JP022,アルバスの落胤,ｼｰｸﾚｯﾄ,Played,120
RC04-JP022,アルバスの落胤,SP,Played,50
RC04-JP023,獣王アルファ,QCS(25th),Played,1800
RC04-JP023,獣王アルファ,ES,Played,600
RC04-JP023,獣王アルファ,CR,Played,200
RC04-JP023,獣王アルファ,ｱﾙﾃｨﾒｯﾄ,Played,200
RC04-JP023,獣王アルファ,ｼｰｸﾚｯﾄ,Played,120
RC04-JP023,獣王アルファ,SP,Played,80
RC04-JP023,獣王アルファ,SP,Damaged,64
RC04-JP024,妖眼の相剣師,QCS(25th),Played,-1
RC04-JP024,妖眼の相剣師,ES,Played,-1
RC04-JP024,妖眼の相剣師,CR,Played,400
RC04-JP024,妖眼の相剣師,ｱﾙﾃｨﾒｯﾄ,Played,400
RC04-JP024,妖眼の相剣師,ｼｰｸﾚｯﾄ,Played,120
RC04-JP024,妖眼の相剣師,SP,Played,50
RC04-JP024,妖眼の相剣師,SP,Damaged,40
RC04-JP025,サイバー・エンジェル―弁天―,QCS(25th),Played,2000
RC04-JP025,サイバー・エンジェル―弁天―,ES,Played,450
RC04-JP025,サイバー・エンジェル―弁天―,CR,Played,200
RC04-JP025,サイバー・エンジェル―弁天―,ｱﾙﾃｨﾒｯﾄ,Played,200
RC04-JP025,サイバー・エンジェル―弁天―,ｼｰｸﾚｯﾄ,Damaged,96
RC04-JP025,サイバー・エンジェル―弁天―,ｼｰｸﾚｯﾄ,Played,100
RC04-JP025,サイバー・エンジェル―弁天―,SP,Played,50
RC04-JP025,サイバー・エンジェル―弁天―,SP,Damaged,40
RC04-JP026,Ｍ・ＨＥＲＯ ダーク・ロウ,QCS(25th),Played,6000
RC04-JP026,Ｍ・ＨＥＲＯ ダーク・ロウ,ES,Played,700
RC04-JP026,Ｍ・ＨＥＲＯ ダーク・ロウ,CR,Played,300
RC04-JP026,Ｍ・ＨＥＲＯ ダーク・ロウ,ｱﾙﾃｨﾒｯﾄ,Played,300
RC04-JP026,Ｍ・ＨＥＲＯ ダーク・ロウ,ｱﾙﾃｨﾒｯﾄ,Damaged,240
RC04-JP026,Ｍ・ＨＥＲＯ ダーク・ロウ,ｼｰｸﾚｯﾄ,Played,100
RC04-JP026,Ｍ・ＨＥＲＯ ダーク・ロウ,SP,Played,50
RC04-JP027,旧神ヌトス,QCS(25th),Played,3000
RC04-JP027,旧神ヌトス,ES,Played,600
RC04-JP027,旧神ヌトス,CR,Played,400
RC04-JP027,旧神ヌトス,ｱﾙﾃｨﾒｯﾄ,Played,400
RC04-JP027,旧神ヌトス,ｱﾙﾃｨﾒｯﾄ,Damaged,400
RC04-JP027,旧神ヌトス,ｼｰｸﾚｯﾄ,Damaged,240
RC04-JP027,旧神ヌトス,ｼｰｸﾚｯﾄ,Played,280
RC04-JP027,旧神ヌトス,UR,Played,150
RC04-JP028,捕食植物ドラゴスタペリア,QCS(25th),Played,2800
RC04-JP028,捕食植物ドラゴスタペリア,ES,Played,500
RC04-JP028,捕食植物ドラゴスタペリア,CR,Played,300
RC04-JP028,捕食植物ドラゴスタペリア,CR,Damaged,240
RC04-JP028,捕食植物ドラゴスタペリア,ｱﾙﾃｨﾒｯﾄ,Played,300
RC04-JP028,捕食植物ドラゴスタペリア,ｼｰｸﾚｯﾄ,Damaged,240
RC04-JP028,捕食植物ドラゴスタペリア,ｼｰｸﾚｯﾄ,Played,180
RC04-JP028,捕食植物ドラゴスタペリア,SP,Played,80
RC04-JP029,沼地のドロゴン,QCS(25th),Played,1800
RC04-JP029,沼地のドロゴン,ES,Played,500
RC04-JP029,沼地のドロゴン,CR,Played,200
RC04-JP029,沼地のドロゴン,ｱﾙﾃｨﾒｯﾄ,Played,200
RC04-JP029,沼地のドロゴン,ｼｰｸﾚｯﾄ,Played,120
RC04-JP029,沼地のドロゴン,SP,Played,50
RC04-JP030,神・スライム,QCS(25th),Played,2200
RC04-JP030,神・スライム,ES,Played,700
RC04-JP030,神・スライム,CR,Played,300
RC04-JP030,神・スライム,ｱﾙﾃｨﾒｯﾄ,Played,300
RC04-JP030,神・スライム,ｼｰｸﾚｯﾄ,Played,120
RC04-JP030,神・スライム,ｼｰｸﾚｯﾄ,Damaged,96
RC04-JP030,神・スライム,SP,Played,100
RC04-JP031,エンシェント・フェアリー・ドラゴン,QCS(25th),Played,6500
RC04-JP031,エンシェント・フェアリー・ドラゴン,ES,Played,800
RC04-JP031,エンシェント・フェアリー・ドラゴン,CR,Played,400
RC04-JP031,エンシェント・フェアリー・ドラゴン,ｱﾙﾃｨﾒｯﾄ,Played,400
RC04-JP031,エンシェント・フェアリー・ドラゴン,ｼｰｸﾚｯﾄ,Played,150
RC04-JP031,エンシェント・フェアリー・ドラゴン,UR,Played,100
RC04-JP032,虹光の宣告者,QCS(25th),Played,3000
RC04-JP032,虹光の宣告者,ES,Played,700
RC04-JP032,虹光の宣告者,CR,Played,400
RC04-JP032,虹光の宣告者,ｱﾙﾃｨﾒｯﾄ,Played,400
RC04-JP032,虹光の宣告者,ｼｰｸﾚｯﾄ,Played,200
RC04-JP032,虹光の宣告者,ｼｰｸﾚｯﾄ,Damaged,240
RC04-JP032,虹光の宣告者,SP,Played,100
RC04-JP032,虹光の宣告者,SP,Damaged,64
RC04-JP033,ジャンク・スピーダー,QCS(25th),Played,2300
RC04-JP033,ジャンク・スピーダー,ES,Played,-1
RC04-JP033,ジャンク・スピーダー,CR,Played,200
RC04-JP033,ジャンク・スピーダー,ｱﾙﾃｨﾒｯﾄ,Played,200
RC04-JP033,ジャンク・スピーダー,ｼｰｸﾚｯﾄ,Played,150
RC04-JP033,ジャンク・スピーダー,ｼｰｸﾚｯﾄ,Damaged,144
RC04-JP033,ジャンク・スピーダー,SP,Played,80
RC04-JP034,ヴァレルロード・Ｓ・ドラゴン,QCS(25th),Played,5500
RC04-JP034,ヴァレルロード・Ｓ・ドラゴン,ES,Played,700
RC04-JP034,ヴァレルロード・Ｓ・ドラゴン,CR,Played,300
RC04-JP034,ヴァレルロード・Ｓ・ドラゴン,ｱﾙﾃｨﾒｯﾄ,Played,300
RC04-JP034,ヴァレルロード・Ｓ・ドラゴン,ｼｰｸﾚｯﾄ,Played,150
RC04-JP034,ヴァレルロード・Ｓ・ドラゴン,ｼｰｸﾚｯﾄ,Damaged,144
RC04-JP034,ヴァレルロード・Ｓ・ドラゴン,SP,Played,100
RC04-JP035,フルール・ド・バロネス,QCS(25th),Played,15000
RC04-JP035,フルール・ド・バロネス,ES,Played,-1
RC04-JP035,フルール・ド・バロネス,CR,Played,700
RC04-JP035,フルール・ド・バロネス,ｱﾙﾃｨﾒｯﾄ,Played,800
RC04-JP035,フルール・ド・バロネス,ｼｰｸﾚｯﾄ,Played,600
RC04-JP035,フルール・ド・バロネス,UR,Played,500
RC04-JP036,ダウナード・マジシャン,QCS(25th),Played,-1
RC04-JP036,ダウナード・マジシャン,ES,Played,-1
RC04-JP036,ダウナード・マジシャン,CR,Played,500
RC04-JP036,ダウナード・マジシャン,CR,Damaged,400
RC04-JP036,ダウナード・マジシャン,ｱﾙﾃｨﾒｯﾄ,Played,500
RC04-JP036,ダウナード・マジシャン,ｼｰｸﾚｯﾄ,Played,280
RC04-JP036,ダウナード・マジシャン,UR,Played,150
RC04-JP037,ゴーストリックの駄天使,QCS(25th),Played,-1
RC04-JP037,ゴーストリックの駄天使,ES,Played,900
RC04-JP037,ゴーストリックの駄天使,CR,Played,300
RC04-JP037,ゴーストリックの駄天使,ｱﾙﾃｨﾒｯﾄ,Played,400
RC04-JP037,ゴーストリックの駄天使,ｱﾙﾃｨﾒｯﾄ,Damaged,400
RC04-JP037,ゴーストリックの駄天使,ｼｰｸﾚｯﾄ,Played,120
RC04-JP037,ゴーストリックの駄天使,SP,Played,80
RC04-JP037,ゴーストリックの駄天使,SP,Damaged,40
RC04-JP038,ギャラクシーアイズ ＦＡ・フォトン・ドラゴン,QCS(25th),Played,-1
RC04-JP038,ギャラクシーアイズ ＦＡ・フォトン・ドラゴン,ES,Played,700
RC04-JP038,ギャラクシーアイズ ＦＡ・フォトン・ドラゴン,CR,Played,400
RC04-JP038,ギャラクシーアイズ ＦＡ・フォトン・ドラゴン,ｱﾙﾃｨﾒｯﾄ,Played,400
RC04-JP038,ギャラクシーアイズ ＦＡ・フォトン・ドラゴン,ｼｰｸﾚｯﾄ,Played,120
RC04-JP038,ギャラクシーアイズ ＦＡ・フォトン・ドラゴン,SP,Played,80
RC04-JP039,真紅眼の鋼炎竜,QCS(25th),Played,-1
RC04-JP039,真紅眼の鋼炎竜,ES,Played,800
RC04-JP039,真紅眼の鋼炎竜,CR,Played,400
RC04-JP039,真紅眼の鋼炎竜,ｱﾙﾃｨﾒｯﾄ,Played,400
RC04-JP039,真紅眼の鋼炎竜,ｼｰｸﾚｯﾄ,Played,120
RC04-JP039,真紅眼の鋼炎竜,ｼｰｸﾚｯﾄ,Damaged,96
RC04-JP039,真紅眼の鋼炎竜,SP,Played,80
RC04-JP040,Ｎｏ.１００ ヌメロン・ドラゴン,QCS(25th),Played,2200
RC04-JP040,Ｎｏ.１００ ヌメロン・ドラゴン,ES,Played,600
RC04-JP040,Ｎｏ.１００ ヌメロン・ドラゴン,CR,Played,200
RC04-JP040,Ｎｏ.１００ ヌメロン・ドラゴン,CR,Damaged,320
RC04-JP040,Ｎｏ.１００ ヌメロン・ドラゴン,ｱﾙﾃｨﾒｯﾄ,Played,200
RC04-JP040,Ｎｏ.１００ ヌメロン・ドラゴン,ｼｰｸﾚｯﾄ,Played,120
RC04-JP040,Ｎｏ.１００ ヌメロン・ドラゴン,ｼｰｸﾚｯﾄ,Damaged,96
RC04-JP040,Ｎｏ.１００ ヌメロン・ドラゴン,SP,Played,50
RC04-JP041,宵星の機神ディンギルス,QCS(25th),Played,4000
RC04-JP041,宵星の機神ディンギルス,ES,Played,800
RC04-JP041,宵星の機神ディンギルス,CR,Played,300
RC04-JP041,宵星の機神ディンギルス,ｱﾙﾃｨﾒｯﾄ,Played,400
RC04-JP041,宵星の機神ディンギルス,ｼｰｸﾚｯﾄ,Played,180
RC04-JP041,宵星の機神ディンギルス,SP,Played,80
RC04-JP042,クロノダイバー・リダン,QCS(25th),Played,2200
RC04-JP042,クロノダイバー・リダン,ES,Played,800
RC04-JP042,クロノダイバー・リダン,CR,Played,200
RC04-JP042,クロノダイバー・リダン,ｱﾙﾃｨﾒｯﾄ,Played,200
RC04-JP042,クロノダイバー・リダン,ｼｰｸﾚｯﾄ,Played,120
RC04-JP042,クロノダイバー・リダン,ｼｰｸﾚｯﾄ,Damaged,96
RC04-JP042,クロノダイバー・リダン,SP,Played,100
RC04-JP043,彼岸の黒天使ケルビーニ,QCS(25th),Played,2200
RC04-JP043,彼岸の黒天使ケルビーニ,ES,Played,600
RC04-JP043,彼岸の黒天使ケルビーニ,CR,Played,200
RC04-JP043,彼岸の黒天使ケルビーニ,ｱﾙﾃｨﾒｯﾄ,Played,200
RC04-JP043,彼岸の黒天使ケルビーニ,ｼｰｸﾚｯﾄ,Played,120
RC04-JP043,彼岸の黒天使ケルビーニ,UR,Played,80
RC04-JP043,彼岸の黒天使ケルビーニ,UR,Damaged,80
RC04-JP044,トロイメア・ユニコーン,QCS(25th),Played,4500
RC04-JP044,トロイメア・ユニコーン,ES,Played,-1
RC04-JP044,トロイメア・ユニコーン【絵違い】,CR,Played,-1
RC04-JP044,トロイメア・ユニコーン,CR,Played,400
RC04-JP044,トロイメア・ユニコーン【絵違い】,ｱﾙﾃｨﾒｯﾄ,Played,-1
RC04-JP044,トロイメア・ユニコーン,ｱﾙﾃｨﾒｯﾄ,Played,500
RC04-JP044,トロイメア・ユニコーン,ｼｰｸﾚｯﾄ,Played,400
RC04-JP044,トロイメア・ユニコーン,UR,Played,300
RC04-JP045,双穹の騎士アストラム,QCS(25th),Played,5300
RC04-JP045,双穹の騎士アストラム,ES,Played,800
RC04-JP045,双穹の騎士アストラム,CR,Played,400
RC04-JP045,双穹の騎士アストラム,ｱﾙﾃｨﾒｯﾄ,Played,400
RC04-JP045,双穹の騎士アストラム,ｼｰｸﾚｯﾄ,Played,180
RC04-JP045,双穹の騎士アストラム,ｼｰｸﾚｯﾄ,Damaged,144
RC04-JP045,双穹の騎士アストラム,SP,Played,120
RC04-JP046,コード・トーカー・インヴァート,QCS(25th),Played,1800
RC04-JP046,コード・トーカー・インヴァート,ES,Played,400
RC04-JP046,コード・トーカー・インヴァート,CR,Played,200
RC04-JP046,コード・トーカー・インヴァート,ｱﾙﾃｨﾒｯﾄ,Played,200
RC04-JP046,コード・トーカー・インヴァート,ｼｰｸﾚｯﾄ,Played,100
RC04-JP046,コード・トーカー・インヴァート,SP,Played,50
RC04-JP047,ストライカー・ドラゴン,QCS(25th),Played,2800
RC04-JP047,ストライカー・ドラゴン,ES,Played,600
RC04-JP047,ストライカー・ドラゴン,CR,Played,300
RC04-JP047,ストライカー・ドラゴン,ｱﾙﾃｨﾒｯﾄ,Played,400
RC04-JP047,ストライカー・ドラゴン,ｼｰｸﾚｯﾄ,Played,180
RC04-JP047,ストライカー・ドラゴン,SP,Played,100
RC04-JP048,神聖魔皇后セレーネ,QCS(25th),Played,13000
RC04-JP048,神聖魔皇后セレーネ,ES,Played,1000
RC04-JP048,神聖魔皇后セレーネ,CR,Played,500
RC04-JP048,神聖魔皇后セレーネ,ｱﾙﾃｨﾒｯﾄ,Played,500
RC04-JP048,神聖魔皇后セレーネ,ｼｰｸﾚｯﾄ,Played,300
RC04-JP048,神聖魔皇后セレーネ,SP,Played,100
RC04-JP049,デコード・トーカー・ヒートソウル,QCS(25th),Played,2200
RC04-JP049,デコード・トーカー・ヒートソウル,ES,Played,-1
RC04-JP049,デコード・トーカー・ヒートソウル,CR,Played,200
RC04-JP049,デコード・トーカー・ヒートソウル,ｱﾙﾃｨﾒｯﾄ,Played,200
RC04-JP049,デコード・トーカー・ヒートソウル,ｼｰｸﾚｯﾄ,Played,100
RC04-JP049,デコード・トーカー・ヒートソウル,SP,Played,50
RC04-JP050,聖魔の乙女アルテミス,QCS(25th),Played,17000
RC04-JP050,聖魔の乙女アルテミス,ES,Played,1500
RC04-JP050,聖魔の乙女アルテミス,CR,Played,400
RC04-JP050,聖魔の乙女アルテミス,ｱﾙﾃｨﾒｯﾄ,Played,500
RC04-JP050,聖魔の乙女アルテミス,ｼｰｸﾚｯﾄ,Played,200
RC04-JP050,聖魔の乙女アルテミス,ｼｰｸﾚｯﾄ,Damaged,240
RC04-JP050,聖魔の乙女アルテミス,SP,Played,80
RC04-JP051,心変わり,QCS(25th),Played,14000
RC04-JP051,心変わり,ES,Played,-1
RC04-JP051,心変わり,CR,Played,700
RC04-JP051,心変わり,ｱﾙﾃｨﾒｯﾄ,Played,800
RC04-JP051,心変わり,ｼｰｸﾚｯﾄ,Played,300
RC04-JP051,心変わり,UR,Played,180
RC04-JP052,増援,QCS(25th),Played,-1
RC04-JP052,増援,ES,Played,700
RC04-JP052,増援,CR,Played,300
RC04-JP052,増援,CR,Damaged,320
RC04-JP052,増援,ｱﾙﾃｨﾒｯﾄ,Played,300
RC04-JP052,増援,ｼｰｸﾚｯﾄ,Played,200
RC04-JP052,増援,SP,Played,80
RC04-JP053,名推理,QCS(25th),Played,2000
RC04-JP053,名推理,ES,Played,600
RC04-JP053,名推理,CR,Played,200
RC04-JP053,名推理,CR,Damaged,240
RC04-JP053,名推理,ｱﾙﾃｨﾒｯﾄ,Played,200
RC04-JP053,名推理,ｼｰｸﾚｯﾄ,Played,120
RC04-JP053,名推理,SP,Played,100
RC04-JP054,化石調査,QCS(25th),Played,2700
RC04-JP054,化石調査,ES,Played,-1
RC04-JP054,化石調査,CR,Played,-1
RC04-JP054,化石調査,ｱﾙﾃｨﾒｯﾄ,Played,400
RC04-JP054,化石調査,ｼｰｸﾚｯﾄ,Played,150
RC04-JP054,化石調査,ｼｰｸﾚｯﾄ,Damaged,160
RC04-JP054,化石調査,SP,Played,100
RC04-JP055,魔導書の神判,QCS(25th),Played,2000
RC04-JP055,魔導書の神判,ES,Played,500
RC04-JP055,魔導書の神判,CR,Played,200
RC04-JP055,魔導書の神判,ｱﾙﾃｨﾒｯﾄ,Played,200
RC04-JP055,魔導書の神判,ｼｰｸﾚｯﾄ,Played,120
RC04-JP055,魔導書の神判,SP,Played,50
RC04-JP056,儀式の下準備,QCS(25th),Played,2200
RC04-JP056,儀式の下準備,ES,Played,-1
RC04-JP056,儀式の下準備,CR,Played,300
RC04-JP056,儀式の下準備,ｱﾙﾃｨﾒｯﾄ,Played,300
RC04-JP056,儀式の下準備,ｼｰｸﾚｯﾄ,Played,200
RC04-JP056,儀式の下準備,ｼｰｸﾚｯﾄ,Damaged,240
RC04-JP056,儀式の下準備,UR,Played,150
RC04-JP057,強欲で貪欲な壺,QCS(25th),Played,-1
RC04-JP057,強欲で貪欲な壺,ES,Played,700
RC04-JP057,強欲で貪欲な壺,CR,Played,300
RC04-JP057,強欲で貪欲な壺,ｱﾙﾃｨﾒｯﾄ,Played,300
RC04-JP057,強欲で貪欲な壺,ｼｰｸﾚｯﾄ,Played,180
RC04-JP057,強欲で貪欲な壺,SP,Played,150
RC04-JP058,墓穴の指名者,QCS(25th),Played,10800
RC04-JP058,墓穴の指名者,ES,Played,-1
RC04-JP058,墓穴の指名者,CR,Played,700
RC04-JP058,墓穴の指名者,ｱﾙﾃｨﾒｯﾄ,Played,700
RC04-JP058,墓穴の指名者,ｼｰｸﾚｯﾄ,Played,600
RC04-JP058,墓穴の指名者,UR,Played,500
RC04-JP059,円融魔術,QCS(25th),Played,2000
RC04-JP059,円融魔術,ES,Played,600
RC04-JP059,円融魔術,CR,Played,200
RC04-JP059,円融魔術,CR,Damaged,240
RC04-JP059,円融魔術,ｱﾙﾃｨﾒｯﾄ,Played,200
RC04-JP059,円融魔術,ｼｰｸﾚｯﾄ,Played,120
RC04-JP059,円融魔術,ｼｰｸﾚｯﾄ,Damaged,96
RC04-JP059,円融魔術,SP,Played,80
RC04-JP060,強欲で金満な壺,QCS(25th),Played,-1
RC04-JP060,強欲で金満な壺,ES,Played,1000
RC04-JP060,強欲で金満な壺,CR,Played,300
RC04-JP060,強欲で金満な壺,ｱﾙﾃｨﾒｯﾄ,Played,400
RC04-JP060,強欲で金満な壺,ｼｰｸﾚｯﾄ,Played,200
RC04-JP060,強欲で金満な壺,SP,Played,180
RC04-JP061,冥王結界波,QCS(25th),Played,5800
RC04-JP061,冥王結界波,ES,Played,1000
RC04-JP061,冥王結界波,CR,Played,300
RC04-JP061,冥王結界波,ｱﾙﾃｨﾒｯﾄ,Played,400
RC04-JP061,冥王結界波,ｼｰｸﾚｯﾄ,Played,280
RC04-JP061,冥王結界波,ｼｰｸﾚｯﾄ,Damaged,240
RC04-JP061,冥王結界波,SP,Played,150
RC04-JP062,ライトニング・ストーム,QCS(25th),Played,5500
RC04-JP062,ライトニング・ストーム,ES,Played,-1
RC04-JP062,ライトニング・ストーム,CR,Played,500
RC04-JP062,ライトニング・ストーム,ｱﾙﾃｨﾒｯﾄ,Played,700
RC04-JP062,ライトニング・ストーム,ｼｰｸﾚｯﾄ,Played,400
RC04-JP062,ライトニング・ストーム,UR,Played,300
RC04-JP062,ライトニング・ストーム,UR,Damaged,240
RC04-JP063,天底の使徒,QCS(25th),Played,-1
RC04-JP063,天底の使徒,ES,Played,600
RC04-JP063,天底の使徒,CR,Played,300
RC04-JP063,天底の使徒,ｱﾙﾃｨﾒｯﾄ,Played,300
RC04-JP063,天底の使徒,ｱﾙﾃｨﾒｯﾄ,Damaged,320
RC04-JP063,天底の使徒,ｼｰｸﾚｯﾄ,Played,120
RC04-JP063,天底の使徒,SP,Played,50
RC04-JP064,三戦の才,QCS(25th),Played,3800
RC04-JP064,三戦の才,ES,Played,1000
RC04-JP064,三戦の才,CR,Played,500
RC04-JP064,三戦の才,ｱﾙﾃｨﾒｯﾄ,Played,500
RC04-JP064,三戦の才,ｼｰｸﾚｯﾄ,Played,400
RC04-JP064,三戦の才,UR,Played,300
RC04-JP064,三戦の才,QCS(25th),Played,3800
RC04-JP064,三戦の才,ES,Played,1000
RC04-JP064,三戦の才,CR,Played,500
RC04-JP064,三戦の才,ｱﾙﾃｨﾒｯﾄ,Played,500
RC04-JP064,三戦の才,ｼｰｸﾚｯﾄ,Played,400
RC04-JP064,三戦の才,UR,Played,300
RC04-JP065,禁じられた一滴,QCS(25th),Played,-1
RC04-JP065,禁じられた一滴,ES,Played,1300
RC04-JP065,禁じられた一滴,CR,Played,600
RC04-JP065,禁じられた一滴,ｱﾙﾃｨﾒｯﾄ,Played,600
RC04-JP065,禁じられた一滴,ｼｰｸﾚｯﾄ,Played,500
RC04-JP065,禁じられた一滴,UR,Played,400
RC04-JP066,混沌領域,QCS(25th),Played,2800
RC04-JP066,混沌領域,ES,Played,800
RC04-JP066,混沌領域,ES,Damaged,480
RC04-JP066,混沌領域,CR,Played,500
RC04-JP066,混沌領域,ｱﾙﾃｨﾒｯﾄ,Played,-1
RC04-JP066,混沌領域,ｼｰｸﾚｯﾄ,Played,400
RC04-JP066,混沌領域,UR,Played,300
RC04-JP067,金満で謙虚な壺,QCS(25th),Played,7500
RC04-JP067,金満で謙虚な壺,ES,Played,2000
RC04-JP067,金満で謙虚な壺,CR,Played,1100
RC04-JP067,金満で謙虚な壺,ｱﾙﾃｨﾒｯﾄ,Played,1100
RC04-JP067,金満で謙虚な壺,ｼｰｸﾚｯﾄ,Played,1000
RC04-JP067,金満で謙虚な壺,UR,Played,900
RC04-JP068,スモール・ワールド,QCS(25th),Played,2300
RC04-JP068,スモール・ワールド,ES,Played,700
RC04-JP068,スモール・ワールド,CR,Played,400
RC04-JP068,スモール・ワールド,ｱﾙﾃｨﾒｯﾄ,Played,400
RC04-JP068,スモール・ワールド,ｼｰｸﾚｯﾄ,Played,350
RC04-JP068,スモール・ワールド,UR,Played,280
RC04-JP069,マジシャンズ・サルベーション,QCS(25th),Played,8000
RC04-JP069,マジシャンズ・サルベーション,ES,Played,-1
RC04-JP069,マジシャンズ・サルベーション,CR,Played,300
RC04-JP069,マジシャンズ・サルベーション,ｱﾙﾃｨﾒｯﾄ,Played,450
RC04-JP069,マジシャンズ・サルベーション,ｼｰｸﾚｯﾄ,Played,120
RC04-JP069,マジシャンズ・サルベーション,SP,Played,80
RC04-JP070,強制脱出装置,QCS(25th),Played,2600
RC04-JP070,強制脱出装置,ES,Played,-1
RC04-JP070,強制脱出装置,CR,Played,300
RC04-JP070,強制脱出装置,ｱﾙﾃｨﾒｯﾄ,Played,500
RC04-JP070,強制脱出装置,ｱﾙﾃｨﾒｯﾄ,Damaged,320
RC04-JP070,強制脱出装置,ｼｰｸﾚｯﾄ,Played,180
RC04-JP070,強制脱出装置,SP,Played,50
RC04-JP071,サモンリミッター,QCS(25th),Played,2000
RC04-JP071,サモンリミッター,ES,Played,600
RC04-JP071,サモンリミッター,CR,Played,250
RC04-JP071,サモンリミッター,ｱﾙﾃｨﾒｯﾄ,Played,250
RC04-JP071,サモンリミッター,ｼｰｸﾚｯﾄ,Played,150
RC04-JP071,サモンリミッター,SP,Played,100
RC04-JP072,氷結界,QCS(25th),Played,1800
RC04-JP072,氷結界,ES,Played,600
RC04-JP072,氷結界,CR,Played,200
RC04-JP072,氷結界,ｱﾙﾃｨﾒｯﾄ,Played,200
RC04-JP072,氷結界,ｼｰｸﾚｯﾄ,Played,120
RC04-JP072,氷結界,SP,Played,80
RC04-JP073,次元障壁,QCS(25th),Played,4200
RC04-JP073,次元障壁,ES,Played,900
RC04-JP073,次元障壁,CR,Played,400
RC04-JP073,次元障壁,ｱﾙﾃｨﾒｯﾄ,Played,400
RC04-JP073,次元障壁,ｼｰｸﾚｯﾄ,Played,200
RC04-JP073,次元障壁,SP,Played,100
RC04-JP074,ハーピィの羽根吹雪,QCS(25th),Played,2100
RC04-JP074,ハーピィの羽根吹雪,ES,Played,600
RC04-JP074,ハーピィの羽根吹雪,CR,Played,200
RC04-JP074,ハーピィの羽根吹雪,ｱﾙﾃｨﾒｯﾄ,Played,200
RC04-JP074,ハーピィの羽根吹雪,ｱﾙﾃｨﾒｯﾄ,Damaged,240
RC04-JP074,ハーピィの羽根吹雪,ｼｰｸﾚｯﾄ,Played,120
RC04-JP074,ハーピィの羽根吹雪,SP,Played,50
RC04-JP075,拮抗勝負,QCS(25th),Played,8000
RC04-JP075,拮抗勝負,ES,Played,1500
RC04-JP075,拮抗勝負,CR,Played,500
RC04-JP075,拮抗勝負,ｱﾙﾃｨﾒｯﾄ,Played,500
RC04-JP075,拮抗勝負,ｼｰｸﾚｯﾄ,Played,-1
RC04-JP075,拮抗勝負,SP,Played,180
RC04-JP076,無限泡影,QCS(25th),Played,-1
RC04-JP076,無限泡影,ES,Played,3500
RC04-JP076,無限泡影,CR,Played,1200
RC04-JP076,無限泡影,ｱﾙﾃｨﾒｯﾄ,Played,1200
RC04-JP076,無限泡影,ｼｰｸﾚｯﾄ,Played,900
RC04-JP076,無限泡影,UR,Played,800
RC04-JP077,ドラグマ・パニッシュメント,QCS(25th),Played,3200
RC04-JP077,ドラグマ・パニッシュメント,ES,Played,900
RC04-JP077,ドラグマ・パニッシュメント,CR,Played,400
RC04-JP077,ドラグマ・パニッシュメント,ｱﾙﾃｨﾒｯﾄ,Played,500
RC04-JP077,ドラグマ・パニッシュメント,ｼｰｸﾚｯﾄ,Played,300
RC04-JP077,ドラグマ・パニッシュメント,UR,Played,150
RC04-JP078,影依の偽典,QCS(25th),Played,-1
RC04-JP078,影依の偽典,ES,Played,500
RC04-JP078,影依の偽典,CR,Played,200
RC04-JP078,影依の偽典,ｱﾙﾃｨﾒｯﾄ,Played,200
RC04-JP078,影依の偽典,ｱﾙﾃｨﾒｯﾄ,Damaged,240
RC04-JP078,影依の偽典,ｼｰｸﾚｯﾄ,Played,120
RC04-JP078,影依の偽典,SP,Played,50
RC04-JP079,天龍雪獄,QCS(25th),Played,2000
RC04-JP079,天龍雪獄,ES,Played,500
RC04-JP079,天龍雪獄,CR,Played,180
RC04-JP079,天龍雪獄,ｱﾙﾃｨﾒｯﾄ,Played,280
RC04-JP079,天龍雪獄,ｼｰｸﾚｯﾄ,Played,120
RC04-JP079,天龍雪獄,SP,Played,80
RC04-JP080,鉄獣の抗戦,QCS(25th),Played,2000
RC04-JP080,鉄獣の抗戦,ES,Played,600
RC04-JP080,鉄獣の抗戦,CR,Played,200
RC04-JP080,鉄獣の抗戦,ｱﾙﾃｨﾒｯﾄ,Played,200
RC04-JP080,鉄獣の抗戦,ｼｰｸﾚｯﾄ,Played,120
RC04-JP080,鉄獣の抗戦,SP,Played,50
